PC1,PC2,PC3,PC4,PC5,PC6
-0.6036922614453484,-0.5447415052210424,-0.36203220992121665,0.10395142906735486,-0.05223010233155074,0.062264951357034894
-0.07853773023317237,-0.2853653711080347,-0.26906045077502316,-0.10499058429593353,0.11034920989112593,0.2669404837005111
-0.8597519710584571,-0.781573860292818,0.11972945228300377,0.5069744307901995,0.24287564677957993,0.21268645024092925
-0.773381610926671,-0.7232147897285648,-0.2551845209906479,0.34582472846672174,0.00031612522333274135,0.04780071267189583
-1.0333822148099872,-0.7041944500618167,0.5167150156031697,-0.24432609531337424,0.6968480655345027,0.10389293595665983
-0.04176589245440529,1.0726294695677239,-0.4277959319483939,0.047019333342617445,0.026274914628993687,0.1062298685240634
-0.7204642339407358,-0.47952511826789257,-0.4468710446730438,0.16258699224034762,0.03085044003192741,-0.06936419997311602
-0.16143380959830883,0.4807443538381871,0.1814084339459617,-0.07941880152982148,0.084023945869813,-0.2469443766100574
-0.4760780284989061,-0.3006249401703776,-0.33509475920461285,-0.0699976381251693,0.09126431555423838,-0.014414413110479994
-0.31752095275041514,-0.04242843370462088,-0.48155517232942413,-0.23581688199517065,0.11147496231974946,0.019673632314142025
-0.19377892668079783,-0.8653068185802053,0.07518217243166889,0.3109633530438322,0.061571461004025045,0.24308530915226131
-0.5852932664239411,-0.971447141476266,-0.045654304942060686,-0.4150295661371053,0.859713129612586,-0.05323151650584783
-0.09995685863940625,-0.2934950603651212,0.16283635921914008,0.13632679449749688,-0.24960187005979093,0.08333482479718517
-0.26761265599446715,-0.5367543948750024,0.3094294716443443,-0.5852901121568951,0.6653125984662878,0.0925346125568195
-0.3190062471694989,-0.8114278648367907,-0.00016069765911630451,0.37973439889869426,0.1452612812753133,0.10499113688501172
-0.20057020592023078,-0.42913699043055364,-0.4782859716279364,-0.009261229980741026,-0.044225974686941616,-0.03896847506949652
-0.06917106612950621,-0.642416451971485,0.11863723922318316,0.15256108411412095,0.2024264054826086,0.1418408692698046
-0.4540315459042382,-0.6764920761454587,-0.4411658693355429,0.29152156340829405,-0.03985905383416976,-0.14424013551820286
0.23357160932176138,0.27973341829738846,-0.026768388387744833,-0.26879482133479,-0.08363871947103155,0.1114547242548353
0.18687179630010217,0.22246812284905096,0.1683646858848495,-0.0824362145608556,-0.033176163075722874,-0.26142696153728917
0.24255548997842633,0.2865619331225782,-0.03337065570266831,-0.27603773144019017,-0.0842135976969124,0.11332716823435145
0.11108854661396199,-0.00419551866149144,0.11999849438195695,-0.10533664706575667,-0.11895754086987705,0.04561550510760169
-0.09558747044114223,-0.39569766213356183,-0.38716208474577324,-0.02703033498573974,0.06151443310771536,-0.0674717965266715
0.4023444911655828,-0.2180346531083837,-0.14030482171993325,0.1573358769778333,-0.38041981464403174,-0.28559669783700287
0.11566989117344623,-0.8283534880950012,-0.10414544559425121,0.26409106402008925,0.021438023059981808,0.05112338064467315
0.3025410948357779,-0.7530909388397148,0.07320536052686348,0.2031942882633657,0.1699335400350221,0.08929412530905596
0.5053017855508501,-0.4473141064852539,-0.10184535520012158,0.0025776469133597874,0.18948200964851175,0.11682240433903575
0.007935167801553733,-0.7477625653671066,-0.1932322032702108,0.3164352106199675,0.10689181244003118,-0.0879698291669783
0.5479378674212041,-0.03856928580783921,0.30597065244065713,-0.06338193981996461,0.018138082478411213,0.013186690048795652
0.5262767705202152,0.037568797262111375,0.01673418740219544,-0.12269623548751618,-0.12289215839241625,0.009003099695890969
0.3661257021007131,-0.3795634148175115,-0.5164794380365932,-0.06776674426410868,0.03572423621553232,-0.08987807610666616
0.740072766884852,-0.7669374396120434,-0.03874543155635843,0.18047714627089462,0.13927568311499033,0.06725222800193444
0.8097179580226203,-0.20724126266529813,0.03405425055248981,0.0007486321206060381,-0.1709659187334273,-0.022649187700300187
0.6095612328802211,-0.6672542042210324,-0.12561627544850928,0.13453262496391583,0.13983651878890796,-0.0766164002153691
1.3025285765798293,-0.08925960694817853,0.14457509978578867,-0.04052284274920774,-0.011140197633284119,-0.015638924832295426
1.0510340128002862,-0.6500257533809876,-0.2527564191002942,0.09589624897687671,0.11557121746586037,-0.08204746028838775
-0.6915915148504407,-0.3565174244127715,-0.5117345050833766,-0.030825858151961802,-0.11446239879958794,0.032124824811654
-0.288402436177416,-0.10584428693179788,0.7094244281416247,-0.23863721263499826,0.14212380199899832,-0.4403831978093525
-0.15855053689630527,-0.4136615705153959,0.21900774675030055,0.20322255800592576,-0.26228624232023007,0.07685732080041055
0.16642063237641913,0.25806461430596084,-0.21612437191191985,-0.22398724974882595,-0.21905798172104848,-0.02895467103950513
-0.3387059381322317,-0.6321915204598996,-0.22725105207251228,0.24703481420565415,0.11133786597372808,-0.051471718631849586
0.24727119426000102,-0.561665328294674,-0.08130088806356583,0.0830661413157281,0.16948259316729972,-0.030128973221035298
0.4874441035852549,-0.02908391433365543,0.07840321835654608,-0.05867813661751428,-0.12134674812619065,-0.058448407091681844
0.48712947942724905,-0.06150535948854023,0.06758443397969936,-0.066436017114825,-0.13579997291224646,-0.017604330905641202
0.831035345478202,-0.18713378188269503,0.3020130167256902,0.03394812711599501,-0.0048603068340646845,-0.01296847696784746
0.9827490065078174,0.053887033912275464,0.1665847569312715,-0.1182241293450852,0.018923231169667404,0.01452392695897991
0.8174790136167143,-0.3314398694137717,-0.31757603079897717,-0.08102901159125853,0.16805239527820195,-0.028972341738085414
-0.9506016295150225,-0.7095187237283465,-0.2962090548671722,0.33714459749243575,0.03271844953377069,-0.04024125565855667
-0.2495072275677228,0.25955191280523343,0.19534059877911417,-0.03477069686362784,0.025720242118205252,-0.08347016430341654
-0.2770362874380965,-0.6916368343858026,-0.06907377114224399,0.18157208034085826,-0.004896125780474377,0.20132739573872285
-0.02621080997393481,-0.18564600810527568,-0.8272107019756013,-0.16425108403645644,-0.0639678576079874,-0.14586550398370332
0.23872438452814415,0.27815018622653154,-0.0360222756778427,-0.2781297168780719,-0.08784679701379383,0.12835291713776797
0.10314150142771703,0.11954908640389593,-0.01486260199761729,0.03040845485886359,0.39765861632754385,-0.3619143939970602
0.2566665532442558,-0.2463586998263554,0.0526569739620912,0.038645809750344706,-0.25624786737746713,0.053813707010681576
0.5001022249282414,0.14520614525429726,-0.14463434882314188,-0.1850271658077474,-0.21119274686793088,0.04373151566878519
0.6238721716199265,0.19229519644254212,0.2858088141512285,-0.10096893745615504,0.08370527172962937,-0.1382466579421391
-0.23538531749843153,-0.049223455545166966,-0.6649282333443759,-0.23783110888838555,-0.026995520844844342,0.10187461590852719
-0.7271379105535012,-0.42442251787271223,-0.8748034815582002,0.033377033000232384,-0.19073753483980196,-0.250070049810014
-0.058954927074536326,0.5137695170383291,0.06029646981240311,-0.2935815248274649,-0.002764723280323308,-0.0876840426409121
-0.3677212980474105,-0.1863928845605482,-0.4093820285539306,-0.15411544756131768,0.0937513150463188,-0.022686809020466527
0.12318022890510186,-0.38069095357588884,-0.3674006303204108,-0.057752496608540545,0.06770978036090926,0.07615420536189545
0.20865404312121205,-0.3379907718205855,0.11151099584781472,0.10383733083596924,-0.26116519642154845,0.015342599850604894
0.7120315726607114,-0.38300689173984376,-0.6085189742284038,-0.04971942951667027,0.02180623492953483,-0.12755355944342398
1.0277800924841207,0.14091609867556276,0.12812298060977512,-0.1575960767733229,0.03461825335640231,0.007004114323218609
-0.30732957074055556,0.05793990100860351,0.20395117797782078,-0.01968472905172336,-0.03685001269850532,0.07116460558079452
-0.11408426665653923,0.5862696557068302,-0.012818909525377804,-0.27189534823896294,0.048273543651591505,0.10250416772149412
-0.5864686623295549,-0.3102850302336796,0.3285160326369807,-0.6727558213831938,0.7206154118154158,0.08719003550432709
-0.00387687950529772,0.3424948602832678,0.08495473590770568,-0.30164256819368573,-0.04647947910009364,0.3282358459867182
-0.5066622546126273,-0.054263462259299455,-0.2627148360182038,0.07068477383309887,-0.3252481057798388,-0.14664190880905745
-0.7044354873864486,-0.20594962363062896,-0.15120353402333836,0.19420028361964378,-0.31998786050573014,-0.09778762909707851
-0.7402258388027223,-0.2922800288425117,-0.11665711050960212,0.2370416569867977,-0.33125895108133213,-0.09652771570914527
-0.8781318324226348,-0.4579940568958878,-0.29318595152135346,0.4236254446942088,0.11646183713302038,-0.33260646712024794
0.024954298578523007,0.6472931286830649,0.34011319661233747,-0.25208086729240325,0.20510531952687072,-0.240730622957423
-0.1595526321214647,0.49846742154106216,-0.013179647089787496,-0.2016713726740689,0.05823357232224422,0.017838387716445105
-0.3204400616231583,0.05412382374398491,0.18920926265136073,-0.1267050467839777,-0.09193602816550972,0.13507298582046895
-0.679775461945213,-0.3035289424920464,-0.14339781579483213,0.3811588297289798,0.287431446967788,-0.1934078621312596
-0.10304749440217036,0.1035605599101632,0.4521834956982257,-0.5088970880460366,0.10381695779050232,-0.15179341978530056
-0.2612030478735186,-0.6121091168711733,-0.22563240454343036,0.14178534629416487,-0.043652833670755536,0.12668268733389498
-0.08470359947616335,0.06255469215378627,0.3464355347981129,0.1762593708918651,-0.029071274840534407,-0.2701877304108908
-0.008306123700847389,0.05526458647081826,0.021607369333662696,-0.10473979323039509,-0.19761474276289234,0.06861377152105051
0.2324197010887773,-0.023283190757369898,0.20950110367229818,-0.06613177633288674,-0.09314296922518245,0.1608104443714389
-0.24731619197757276,-0.29054971128368656,0.09389060143971399,0.22010872340511584,-0.17697997445931143,-0.02355362042051488
-0.26417247616739686,-0.34366636321311567,0.12070725135407108,0.25112878685686957,-0.18249276857495847,-0.041891829562048954
-0.09329427341695848,-0.15703671331619898,-0.7258564958172278,-0.036243553370110426,-0.0022020928182146437,-0.14925188918149657
0.31390472707619727,0.3303535811133954,0.2026695877749443,-0.2776578269518157,0.07482208366551815,0.1278688209452735
0.09785637487402285,-0.11411140339815372,-0.5536316443449381,-0.21362219809440386,0.08186913421475883,-0.038561845306772945
0.38675686648751806,-0.6660061361195545,-0.135973398729545,0.08504881086931682,0.03464632897482323,0.06559589086843395
0.32711405451499087,-0.37541306269688623,0.3491110981220065,0.18149861452979935,-0.12820839081125338,0.08463584943657687
0.5130970964392307,-0.24249201524138103,-0.4506819593486636,-0.1276705957765102,0.058472504143898346,0.11800663963469737
0.2787007333862094,-0.2801835952246581,0.3468644223267284,0.09834018472282066,-0.09835813356633327,0.028777549824806507
0.39985511978851423,-0.05707398199992637,-0.04145726373758443,-0.07051395901399071,-0.23735357897395182,0.01542585095843553
0.0170926063130679,-0.6645451545217254,-0.6402896503861041,0.16604916106848716,-0.11413929752879712,-0.2558784166753723
0.5882048384072672,0.7376711919809968,0.03571373808780915,0.4060081738688076,0.34482683628608646,0.24554152535725793
0.22595806868700258,-0.3148608302679717,0.2378881007826717,0.2179118813190281,-0.056205179018642526,-0.004674684501239039
0.47349952558675423,-0.11688136422737308,0.33229017375617137,-0.029677862309483515,0.006720745112727454,0.07719824825108344
0.658901387036577,0.18732730410113677,0.17956340419352412,-0.20347494752595444,0.04271916138953315,0.07402198527199993
0.5408799925877465,0.0537090572516556,0.38052621805338277,-0.0006153896792872197,0.07495471150251871,-0.19577355580230288
0.3655878707859505,-0.41085262530790817,-0.1710523526030156,-0.01953423126387575,0.17723878809763247,-0.030628122168108455
0.00649051970189771,-0.7815749650265253,-0.25346194927358445,0.32107092461458375,0.07601592529138511,-0.0997506253053611
0.4347187209801885,-0.11607417153648597,-0.6372601091336542,-0.11196625335367173,0.12560043433424892,-0.019251714161695428
1.1681366321967421,-0.34623482004424105,-0.20982784224126494,-0.15830967320122433,0.1089471289566701,0.09704996676269072
0.49714959031020217,-0.7116800719744767,-0.21401649033334685,0.15658643576241746,0.032359520953148944,-0.0408601615074142
0.8691707770720087,-0.14882577404850927,0.2824718253060109,0.009181196437116325,-0.0022942062173464616,-0.028666740163818476
1.1674644476379514,0.45038277828801176,-0.1272636776696555,0.4813922249564257,0.020112058779174803,-0.10970936523723417
1.5816470063281498,-0.2886700974246398,0.15926348312167293,0.07551584038235673,-0.046301524659969326,-0.05779511915877746
1.603130917447051,-0.4916865250743727,-0.08434023545698886,-0.018367353710705303,0.23581401826659484,0.07900687452221825
-0.20646975033355808,0.5579988819938592,-0.262676971348639,-0.20459268985036178,-0.07672304587170595,-0.11771362043282345
0.03910896579231584,0.5863098281652301,0.21339108999641287,-0.3679267477734004,0.14052288451744424,0.07789373250098805
0.22018807681797614,-0.2931913802585624,-0.2659148190274513,-0.07944610644797483,0.08861139150122603,0.2828552277184981
-0.3658982271640341,-0.7017846307328214,-0.21246334146111692,-0.6065806415567582,0.8672412783375829,-0.049654535576075846
0.5211620973051807,0.08441204187319971,0.09101606365067579,-0.054131155221215865,-0.08051734800478862,-0.18344477648052357
0.7058940856725162,-0.5581516005630642,0.2894728093544674,0.28609067609114747,-0.14628877950431857,-0.057627157781618796
0.4668809707202485,-0.7433360279115339,-0.38126589400466976,0.20113373499621715,0.00047946075073161464,-0.2002582680652295
1.0172495049686114,-0.4432814076840234,0.05066031705635236,0.2012722857965133,-0.18035680240343083,-0.22072511024481867
-0.35828112426983105,0.3537351408171574,-0.8181735322593657,-0.23507381107381475,0.19247015862537695,0.13909641641809067
0.06675814278938903,1.3567493749896042,-0.024500088828960848,0.14333190962560016,0.4840443203411893,0.23170217434781235
-0.23283460210921064,-0.43099565975171145,0.016983394809137145,0.04504381199027448,0.02524102019145368,0.08204620951954027
0.34902307486655,0.4551845225396801,0.19568446359619707,-0.2893961225066276,0.11452150906164675,0.039762526754354995
0.08645402314210589,0.06692157821102045,0.11569551614653309,-0.020869102760104508,-0.046723019242751504,0.04062317982373144
0.23489021081349065,0.20745419347002894,-0.302439733117687,-0.19478744389922914,0.35314903281657367,-0.0591508499690245
0.17943927709012952,-0.8043262364771616,-0.009923666535519182,0.23176074832040477,0.06354245804777604,0.12856959735280726
0.4131265347197781,-0.46721759941129043,-0.2082550387734485,0.00502676373570592,0.08193057210339846,0.15881411263926787
0.5851689441208172,0.13775842311447206,-0.0431759325245354,-0.18718715025033547,-0.11294589119352497,0.032045731688870815
-0.46946902961941245,0.44726327455483716,-0.17450721825621798,0.6633463261678794,-0.05650486418366135,0.07624062363275959
-0.949219327437193,-0.5947454291484633,0.6778280705273599,-0.21066927333160404,0.8344498478462337,-0.17366656769309982
-0.2245711976664495,0.2528530732835298,-0.7573093131367521,-0.4234060008652547,0.03864633987799392,0.09215169106919516
-0.12376786089820843,1.1734297087907912,0.008116557699619109,0.35827118780567624,0.5292479304907586,0.4599757801582143
-0.5899841959021331,-0.16615787337902982,0.10481291260190019,0.13459562453969548,-0.15508637984407933,0.06654106798013142
-0.426921785290005,-0.0877872403820549,-0.6836092234547518,-0.10655692795537573,0.04982968015270267,-0.04704455286480907
-0.3552934001746928,0.035538659987297716,0.5259334412240545,0.07322194582863881,0.14151291140136205,0.05426354547172175
-0.23055785593045647,0.2343855689851522,0.09829676251430712,-0.2292685888984262,-0.07140861495216544,0.15554826672431454
-0.18347872128256476,-0.3124383570512095,0.2757975145692739,-0.6419876776810739,0.7162697929097719,-0.0408845727137378
-0.07638480170619436,-0.2884162565082654,-0.020284278835127845,0.1918924097358958,-0.374238688063071,-0.19227833857541524
-0.06436451636866783,-0.2804615208809854,0.44582023710097074,0.1822389967369426,-0.08078371561275938,0.045855407887309275
0.5388625944268405,0.15407512527435777,-0.19114106757819607,-0.2001116239805309,0.3189918727284849,-0.071132199917118
0.025579141213056232,-0.32540492188526005,-0.2847611517996389,0.05162139911531937,0.16845113011360538,0.13528233332290307
-0.01837761672171685,-0.07453660850027487,0.32661814125955924,-0.024089170472429706,-0.06446436401692666,0.0994006776244983
0.010198701903702985,-0.12948848696805637,-0.6601309423326882,-0.21232380319375835,-0.0248171168125127,-0.0034507873073190507
0.10072005890649001,0.21662524326318805,-0.21412870385443916,-0.1250646383750551,-0.14579365728473287,0.04734121050550209
-0.21680347175205694,-0.4600903294769403,-0.6614810298617133,0.02095985210674082,-0.08209060214300994,-0.1794480351856552
-0.2011994739517396,0.224250878780499,-0.36817886060824834,-0.21394076487860383,-0.40638664573454697,-0.01744509312146191
0.13189977043764556,-0.48541567331674296,0.2547505355642763,-0.5633364927886767,0.6762363663842931,-0.05012207273298359
0.3971464872495592,-0.5012599343174886,-0.3903907067006188,0.036537491406471855,0.04349145836704159,0.016882553670845513
0.3190940608440882,-0.08815675558963455,0.4375375268244157,0.2560132831724762,0.04052960994548178,-0.3306091744602748
0.19618764975978117,-0.22846377913900243,0.023614580013925544,0.01359975677306581,-0.3225910728195361,0.17107324930848403
0.5444335994936724,0.522323970468622,-0.050401424770339334,0.38650101749728294,0.08525533589074412,-0.06442743179037244
0.5016063984819046,0.6963348628275268,-0.3413597492307131,0.4970436910334599,0.07359025672502936,-0.09818657172962171
0.21524951987577884,-0.30522494481705165,-0.06594005820896007,0.13252673960931535,-0.27858126016277146,-0.19498914562990466
0.3268033477134712,-0.28947933548870103,0.20469476210483942,0.08843438926719599,-0.15014327337764985,-0.04329299081153056
0.5351331461185491,-0.1321250641895599,0.27629597461799704,-0.07931976631098817,-0.01882752669684709,0.14759486240438838
0.6274051082181931,-0.5161234659429571,-0.22976015604541597,-0.5887744657132956,0.6461614309086422,0.019988819189293603
0.459933092578221,-0.6393993687332593,-0.007570489412306786,0.05092136021658539,0.18869652467235057,0.03546955979235332
0.8439611731167347,0.27908430051190486,0.24487680620045912,0.5408064216001882,0.19482076368753953,-0.08239100947034064
0.8742932385006614,-0.16631523074317767,0.27325003895246514,0.0008772864938316957,-0.011883088882213467,-0.004360236278743066
0.8793583043656649,-0.14882273655497863,0.25929560194986195,-0.013774795117426804,-0.011251953406847762,0.014531962957923493
0.6994575019578735,-0.2864954139658038,0.09512472226427099,0.22422208405620164,-0.08282890476611397,-0.19117040300475144
1.004530649705083,-0.0055533356546060356,0.1292035941705422,-0.1444194680772773,-0.011562430220173062,0.10841219200290445
1.2686360065496287,-0.3577728597698821,0.021667271442888096,0.10072733414309247,-0.16652462878262528,0.03387894628720741
1.3876189412004378,0.5255226777327866,-0.03318417848981643,0.3493796075075358,0.20154655561136922,0.040981927958601415
1.3287442436548376,-0.168399297040998,0.0872775240960962,-0.08303864774240838,-0.05483899569545251,0.12772911871222142
1.1031600792222642,-0.4236894039140919,0.1974468217470034,0.1452551683150629,-0.14458665709630739,0.0007922058586246006
1.223203155605433,-0.24214206686247844,-0.013346599835986038,0.12396560234730572,-0.1771566729893154,-0.22719943739143802
1.605828196733623,-0.2947161574213076,-0.005277893741533098,0.028895474299369825,-0.15583305550768822,0.05314506692679327
0.8108871888048601,-0.2243022736005372,-0.27633181095561504,-0.27775317797605886,0.03631243909828876,0.1872407488592351
-0.7021560706774342,-0.27313421473271343,0.11529801556078115,0.21699637066537475,-0.14091901101423748,0.049592138590435625
-0.3755733746386186,0.4000171298212595,-0.5266113833764658,-0.04399413108363062,0.2261851583386706,-0.5732478803890749
-0.5485141018206523,-0.13955656753953855,0.6554132115852258,0.30632018079057033,0.19499668475473844,0.05879345502945785
-0.44300892605099085,-0.00022555447979615006,0.5897457500598571,0.23205211097025932,0.2084005699196699,0.016371104544708255
-0.5758839875620605,-0.30434924899794863,-0.25162803872925144,0.10345220530601479,0.1753865262941381,-0.09716867157469447
-0.2331687844623978,-0.2282283697871984,0.5518833552629304,-0.38073063828333975,0.04523991204300545,-0.05770652499357142
0.3217147450578528,-0.17374639538690484,-0.8411795238732895,-0.27251805956890707,-0.15963984487589847,-0.30594037867929613
0.8176353378389427,0.9248903447650589,-0.2469600021689428,0.3111816259145594,0.0847805243226287,0.04076514846829294
0.049776173939290326,-0.1365306355216356,0.42687089058832467,-0.019976710493781483,0.017972552174159488,0.1340192204671002
0.9557842208033371,0.713939079036596,-0.17984024906193283,0.1858592406918567,0.08157091952428969,0.08170693128209192
0.14181410229859648,-0.5155266028327938,-0.7350759108511198,0.058911653389548055,-0.1091993840124297,-0.2518624134081861
0.43344472114608246,-0.10137658894438709,0.3573011059038504,0.08607734750059805,0.07181708230694994,0.049004974977144934
0.43286313967499557,-0.1680187715985212,0.3635990850237695,0.0059956641487859536,0.004127893219354101,0.07559728336729393
0.4082788232408176,-0.1576186042741422,0.38134518993811345,0.11309908224152283,0.06350309261269625,0.04992574547387067
1.248979112872566,-0.43431230007358873,-0.42239623946264543,-0.06529310189427633,0.07488162716577813,-0.12032506153552316
1.324042195097916,-0.051950347498763864,0.10326407216504194,-0.0830944846585029,-0.013588705613959303,0.039814876729989804
0.011837154181964406,-0.13518854591591087,0.19646944000062366,-0.017756462938209837,-0.1270365482461212,0.044777681574287714
0.014668561933408018,-0.12962439007456392,0.19296865954972348,-0.022636384240937505,-0.12703667832970933,0.04808058805917184
0.7662102521588756,0.4068979372951912,0.06887079676984878,-0.3178235738378278,0.07770134860764188,0.09724387507421865
0.5882887748716648,0.06160327182337896,0.26942038923763745,-0.10486708553781979,0.03667204961210795,0.0025836483132531687
-0.6417169012972248,-0.466257019327899,-0.1836135895516996,0.18297088987132953,0.09192006173971771,0.20071635446211275
-0.36191791752167424,-0.13812609320235958,-0.5790074983868919,-0.02996751526534489,0.03652088086759425,0.04302958324043441
-0.30463415387719184,0.24484813967956584,-0.24051023699886415,-0.22668534691697131,-0.31665452240835734,0.029374448570008364
-0.0857002960544171,-0.3945954246018635,-0.23870099862439698,-0.013682516305093873,0.01282223770667993,0.23297361951592555
-0.16982403538755625,-0.6560625895953213,0.02404876498321548,0.16453204816175251,0.10140408034134062,0.16502447387957458
-0.10792561621920214,-0.1455858336881949,0.12957463076109088,0.018517642877501985,-0.21679974101584812,0.02655052396136027
-0.10922558031521191,-0.15663332240602945,0.12485570144935014,0.013835766702705993,-0.22230502996978715,0.04561270265735971
-0.10365475818137179,-0.13438188407440302,0.13259529564766898,0.01891482859682275,-0.21290046188167183,0.010547103138513574
0.051281982722148525,-0.6060274306387894,-0.2731971378005399,0.1066207439687219,-0.039198920960995094,0.02294954632702773
0.1733561152836102,-0.8125012848687234,-0.19325773667662283,0.25785053764579313,0.03131171886099401,-0.03293868392352331
0.9755543631235588,0.9159395497134853,-0.032923545045133604,0.45160325685956043,0.3044369223987619,-0.2429307745982355
0.6248658861387533,-0.3646048618581742,0.32716517693567304,0.2710028028169338,-0.06019234340056242,-0.0840110468479965
1.072054580907159,-0.38317492783793516,0.1836482954316443,0.1228395122658231,-0.15221672834442396,-0.024564822969905243
-0.5648637929214759,0.04214966985057042,-0.27589679487026497,0.06017611567507275,0.21566493120336866,-0.027397185286270342
-0.9686095794976814,-0.4924239240511752,0.023644843066438895,0.40689542246306165,0.1858770143110038,0.002987399668401438
-0.41274456463716486,0.12305347367728328,0.2301882227206873,0.000596608789254445,-0.1205392056755188,-0.20245404509610104
-0.42493080449450615,-0.060327729661514375,-0.5688524949053507,-0.21728834093691674,0.011378178109652824,0.036278351216565245
-0.5309767454305657,-0.6079015306696716,0.07190953409750014,0.44337685512906644,0.2495620030811014,-0.013358124647612905
-0.09372843196859798,0.026641652771814288,-0.2729933709819728,0.043132397096352235,0.2937449896147215,-0.02173042107653805
0.10327759361194014,0.13982875620393553,-0.04313739651563425,-0.17538587074325535,-0.19929381495733778,0.047014599561170836
0.22564780963345907,-0.3050547142934797,-0.4425464513090289,-0.0852977221673898,-0.014899388397268813,0.07302606491162908
0.4160402335668423,-0.05406270060675338,-0.4381990226843918,-0.10779247927564914,0.17797459928371276,0.03115614046961679
0.7326591573476517,-0.34878062415232486,-0.4277467705676563,-0.08276960138373488,0.05939586249135702,0.01188915412475966
-0.7063710102372076,-0.492083052021051,-0.14305652277087316,0.32079640798559017,0.1532594996561982,0.18273266163846583
-0.44181395966967896,0.19349623394861454,0.21353802218282436,0.07250795870603435,-0.05313532844897526,-0.17203158280088515
-0.425238727139851,0.09428729607577253,0.23369502744619308,0.0066147194589946876,-0.12769952469498042,-0.1821707611449837
-0.14393254570763986,-0.5485285365333659,-0.16223179096578347,0.07473180847039496,-0.00400970335181148,0.19403121903670936
-0.223093801824263,-0.1866640935360561,0.023322680128324988,0.021464831855402065,-0.3301589817782799,0.10804994752211958
0.9873823597847287,0.01485002860795398,-0.07094410699182599,-0.06468834077331946,0.4466144880872808,-0.09280236343027104
-0.15027684694860516,-0.10684915002835599,0.1982326598378003,0.06736372553291194,-0.24706545700377017,-0.09163142525762594
-0.26304388943426327,0.9220658238308473,-0.4267115880869068,-0.27778210713500384,-0.06214234898049761,0.08786973062315759
-0.5859854893844442,-0.3286806317919271,-0.41917347619329237,-0.04686851214521504,-0.010162200136701256,0.0021048093603332767
0.26703117458753073,-0.19484450296017658,0.25076808591681204,0.1381932098080885,-0.2052339385931189,-0.19692542532521026
-0.7968295872391102,-0.4197599156245373,-0.21470900672806698,0.2908050625022283,0.1478549720599346,-0.03413965672265211
-0.3484381521284797,0.23697458991304582,-0.032292894789157,0.010368831999827917,0.3407272427093446,-0.38935963079237096
-0.5796501751012002,-0.17413359346070567,0.23394340520367934,0.13179522152353934,-0.15124867314632298,0.11342117740971071
-0.5193430701018423,-0.009013947397666137,0.22884508727268793,0.10673092053130896,-0.10685492315730784,-0.020403543618298783
-0.5641852381028823,-0.12804877511034443,0.21527619717620938,0.10973069064281415,-0.14471239385884993,0.11675708097029225
0.1505776803495672,0.8670692475485393,-0.43334460504555183,0.24314989234624743,-0.09443262130628054,-0.1613097573602767
0.022836348141127127,0.5555584984094465,0.13495769694854126,0.4269843721248413,0.18344860609190614,0.22927703776224587
-0.09607573984227771,-0.14495742500406816,0.12045315957053648,0.009747733970020954,-0.22055206275820424,0.03307684116230505
0.23264836315778184,-0.3898016372024381,0.024529313676033455,0.13630876267104025,-0.3388941666680032,0.1648779459015184
0.26854542391104863,-0.4341233987861392,-0.26243426455046137,-0.004279059321866313,0.07362982500051461,-0.014730899636898014
0.6805884472307318,-0.49535107676895523,0.08490468545235466,0.18773549436672105,-0.2666677112105272,0.09568464475420506
0.4704390879595955,0.6779301051802953,-0.07293098574582219,0.313744555105234,0.05416033190159612,0.04526772893635578
0.5579764189631229,0.8204161367621114,-0.11604746403928162,0.2669480143191331,0.08673254526753564,-0.028805273005168358
0.43540372569342656,0.5055529341279541,-0.07042916240579175,0.32574080544283773,-0.0032927701721939978,0.16417196685059057
0.33653533478296255,0.4071836874594452,0.013111910167888194,0.411586693760936,-0.002702729030007975,0.1347957021936321
0.2774012927893891,-0.16210604413819932,0.4589498235087086,0.18843450454630695,-0.02255809635111186,-0.2820621166960847
0.04322286141250295,-0.6310682732041536,-0.10314847739023235,0.2691784618959152,0.13476634171036994,-0.04248147263288094
0.742931925154062,0.2803284670091723,0.14529000056583619,0.5424584118014946,0.09479145480918202,-0.0497196159825236
0.9275049509103195,0.4998582681670557,-0.05570393647910251,0.33314286924638786,0.09007611841559793,0.10032666268217745
-0.07516458144747146,0.3216569674086964,0.013468597580828379,-0.27071787404105585,-0.1448974538332103,0.26780372337767955
-0.603451777120207,-0.037973586511274415,-0.05333519792160814,0.06869987319413644,-0.24145933785478357,0.06996257367834216
-0.5472528307515119,-0.15106145327050838,-0.39323496337209846,-0.005146506427071217,0.10045025768925821,-0.027836674699153695
-0.41724907322756377,0.32016078186981134,-0.9756025781375866,-0.2986430564822324,-0.025888940640058655,0.039337138263574864
-0.516320172101645,-0.025816538813762405,0.23276675096399013,0.11203206049065731,-0.11082794107455061,-0.02561882368792668
-0.44925447949857406,0.009013579484259718,0.13699915541036517,-0.07318399828564895,-0.18688256746926066,0.10923970718049315
-0.15760377121636948,-0.13640188601380454,0.25625288804014035,0.013823357786713144,-0.17051663090957062,0.1368030979200164
0.20657064596625738,0.35748800892851845,-0.16644783702756172,-0.31049738105720087,-0.17488294692495915,0.11206954894957644
0.18456477462224335,-0.4496332163138111,-0.3732081151653831,-0.006543714621894403,-0.03457104154802452,0.0255440801761751
0.4026052137038826,-0.061660156701250884,0.23728469948206876,-0.02906938519367777,-0.07585991759800004,0.03794127403187698
0.33285105215861477,-0.1602521536361693,0.29134850154360076,0.03322474341449337,-0.08376596110456078,0.03948235050662117
0.7133621741922354,-0.22999998513504866,0.22774466492436504,0.06373592304419694,-0.10901235370557337,0.0003928697912841736
0.9289429376050591,0.08881759564350748,0.032292829996657474,-0.1493573042968682,-0.08268275113341025,0.05298616140982461
-0.21797535056613548,0.8305105459972816,-0.49257562209278527,-0.3415717188272296,-0.09711266928516764,-0.02466553736009925
-0.574131672018371,-0.1963283990883133,-0.06871824603312816,0.08306485401614755,0.23407469460044833,-0.04996242563392535
-0.5728311097661114,-0.33974176004111517,-0.1291118532640102,0.04687131369763594,0.17174265314522963,0.1583433614507468
0.091601452346642,0.7653066431195751,-0.22628192174500972,0.16775614886125345,-0.06491304296143414,0.26010165450069667
0.028730026223721138,0.6947069962820308,-0.17375916529039906,0.2220523242916398,-0.06821182499130866,0.24628054177417188
0.0005679019899257603,0.3464747590662001,-0.35703203377448867,-0.08919902220822915,-0.18349016991442055,-0.14115087419063443
0.014464258176204621,0.3372664426889357,0.2721714354075719,0.20471655697700775,0.08949213472222066,-0.3837250173697946
0.14068546606705695,-0.5956769881689612,-0.1647297081849055,0.10728371362928933,0.06626507151529394,-0.016454493300924633
0.6443572307430822,-0.36400432415994194,-0.1912540888858722,-0.04016772286957335,0.10209282946411545,0.09938267364180783
0.9036644464973492,-0.7552375692444878,0.0354626061662333,0.1985771698957816,0.15367152848844537,-0.0036291473333660684
-0.5767248307790465,0.022800319609279494,-0.08594357168383729,0.03171336842953934,-0.2357781598751783,0.08592719929437694
-0.8012130038180958,-0.42618876164158487,-0.5840045777370233,0.14434413395368145,-0.1046242609648932,-0.07108874282676807
-0.2625123249446301,0.279878283841572,-0.031297486885042594,-0.2599192227705329,-0.1709289098815025,0.15364928077046952
1.2291048104097224,-0.05834078377797891,0.027145274882174157,-0.055681686696833176,-0.10747080403298656,0.009570746394758967
-0.476900659813177,0.41665671911889945,0.17495317848781694,0.6296503428309629,0.08231146566548415,-0.11914558627544994
-0.16684062637902553,0.8942297622200401,-0.14622627896593804,0.2910624714229113,0.1119436851495091,0.031502379506729385
-0.07803521735367477,0.45668742242248395,-0.04680814863400373,0.49036482581135155,0.06334799535904714,0.13658323934731012
0.23407684345135343,-0.1871863140074717,-0.0020932700481057775,0.15288715690847277,-0.32478252332208707,-0.2078012829116563
0.9251013549420197,0.12064465077213914,-0.17354422577649078,-0.044083236037962804,-0.2058214970420876,-0.22079297461385353
-0.21491549001136917,0.8174289090479371,-0.5061933900928195,-0.3534294342491274,-0.10635091620601043,0.009538714054808816
0.055570651915941904,0.4962735084016905,0.1926675225827038,0.48542651843491036,0.1826552666808478,0.082092095233988
-0.14413855262284664,-0.2083740316459518,0.05880385054824847,0.03799012869172932,-0.2251196601913005,0.018130929564712107
-0.09675838575773257,-0.2324771912503923,0.09390663545763611,-0.0017258501849621924,-0.25398447329809026,0.14065779571389736
0.0019353395233183465,-0.2178272845844028,0.28726500817650463,-0.038766425539662655,-0.11828123516597565,0.24270456496213139
0.1542578161192717,-0.31947440595396553,0.30817426585616337,0.26711532434205476,-0.13409750413318167,-0.05938148810942206
-0.5694160398722248,-0.08291676482701438,-0.059909836028337694,0.07778181568153536,0.27144256143746637,-0.12541096829033876
-0.19253801608330512,0.6799759582392952,-0.43296755587964664,-0.3460692007985095,0.3687640985979785,-0.05531342596779379
-0.11440078441816473,-0.3711138981204778,-0.3956997344630938,0.012651573082803944,0.0023875106349439254,0.09454437191107555
-0.315679298231787,0.5485705115828325,-0.06323613388981912,0.45904433680530177,0.027112980812473507,0.11556952051271996
0.21548211020615918,0.9596845971837551,-0.034664359713871995,0.2345830820456663,0.25109709432151106,0.2074921962028562
0.18861374060049294,-0.07086016666853479,-0.30826387600053184,-0.21284633435689043,0.14532284340500737,0.24500804784603303
-0.12302865644723845,-0.14000312874349388,-0.22521935637536888,0.011959999787705738,0.2103324676502623,-0.012483871521570431
0.08449166342679112,0.25323462110386363,-0.4281129346109035,-0.21703999955137432,0.2562966073116549,0.033747087446141986
0.5294405624809035,0.08582272568521185,-0.5531384734913334,-0.32340935591800746,0.13142378066855787,0.11449202469944697
0.333513467853668,-0.262429397400765,-0.3534027075028463,-0.10577384982389224,0.09333122045216213,0.04184144083309657
0.3060016408459222,-0.2942769559310097,-0.3289975278354556,-0.07987584783010784,0.09300145430997846,0.03280909923168355
-0.5391244291915929,-0.21720451990736506,-0.29405103612922223,0.10642789046609646,0.12068536882650824,0.04474616509143102
-0.4423123819557754,0.5572964384675445,0.23035059517612225,0.12826160317032975,0.16669243678571946,-0.06016961493590033
-0.22764424063983432,0.2395968414967565,0.3825199207654666,0.7883782478519757,0.23531598382998908,0.08418392464368674
0.4783940018538625,0.6641414224045583,-0.03792559371122514,0.3412104914051547,0.17853952537399545,0.2763747403453231
0.23335054827021046,-0.35436991344874036,0.37471166171206494,0.13440830876434884,-0.10806455145287869,0.05057850311714758
-0.5488772132012925,-0.2941045455199668,-0.26410718784816617,0.1819396573115325,0.15947330352544123,0.18577984331826858
0.743272930112204,-0.3084247151527381,0.17139206764461434,0.02317871049802156,-0.15201880282086855,0.13560078757152333
-0.4942285221199501,0.4861477342090598,0.0357476811855622,0.6737047970030156,0.14991392734610973,0.168440532905516
0.3043822584273328,0.03603131875164773,-0.06777489257120656,-0.12769720318845612,-0.2846851096152037,0.17463658531252602
-0.7126563968754719,0.3000497387667208,-0.4900930283822918,0.6162311426154187,-0.25181830980475584,-0.13427116353558843
-0.20154461625833925,0.7964982095957088,-0.5492359788772749,-0.3687340575335204,-0.12713679928863744,0.04148954131142707
-0.22533846257797369,0.7671069730570871,-0.38142785785781425,-0.2142087372771338,-0.08084236242757174,-0.3033068538932441
0.19412806514819034,-0.17686954915769204,0.28009523932847163,0.12239818575170737,-0.15475932502240808,-0.08313255117780648
0.38725267272702046,0.33513291797201844,0.11400538997275161,0.5109015290175669,0.12596235434906913,0.1810701094922236
0.36577853935360427,0.5431888402124625,0.006434443175960938,0.6344736197219996,0.10223287991149785,-0.3325448769349994
0.5313707311849507,0.2801548969637359,-0.3796061328165017,0.6421253873903324,-0.1467079872446116,-0.418507524688865
-0.17746381642161288,1.082193216700452,-0.03845898776518243,0.2352950291335226,0.3188030426953758,0.371616518097152
1.2860601138233303,0.4325080341427982,-0.1478087528099956,0.35027296472534963,0.0659088729705038,0.14507519930714546
-0.10343912080088584,-0.1698240107162051,0.32148496594426357,0.1477848541827864,-0.15966265188839918,0.012405057277867216
-0.0408316644976769,0.0947486130180217,0.3624532447546627,0.08700565030648119,0.052327844820198297,-0.044991744811852544
0.10039082555217152,0.36471203680309255,0.002494996188011911,0.018300221164373878,-0.017528278552514754,-0.36487273827807903
-0.14348884670891585,0.008225743117513354,0.20863150606300607,0.24331350269597485,-0.048297998475592664,-0.38679627531131305
0.6627511457070181,-0.30931128856037915,0.2589433683012519,0.10161759587392576,-0.12022336436898774,0.024391712505640265
-0.31144170287627015,1.2263061131001716,-0.14270060298008272,0.4406940543089146,0.3555190492254418,0.01975751622587025
-0.4038758807111551,0.7150235271211236,0.12687577557313007,0.4151783568584993,0.2626216395723421,0.4346614768881179
0.04049664428121406,0.023113552873926232,-0.28633704713681113,0.0073187549390322515,-0.44606877137629825,-0.1772553054485588
0.10583683826970947,0.8588658998071206,-0.35580738478142393,0.2698126509401013,-0.019908820863728596,0.1284532593166471
0.3048527197391581,-0.048638618690269746,0.12770426428582188,-0.03331494268702152,-0.17393419492615186,0.08016855093602555
0.9334588509633485,-0.6127950095617266,-0.17085424755665812,0.08839795183054772,0.054405426846986606,0.05207161918086014
-0.39508021609980837,0.3806949199691093,0.25085602907656135,-0.022721167381297407,0.016561835755729153,-0.06303437086892674
-0.7440156307778482,0.19667524126397884,-0.10581784836589934,0.659150540368566,-0.0722066229819008,0.10452001027425128
0.18978254174851444,-0.3230613439706981,0.27699431997607876,0.15092770952228154,-0.19562989091364416,-0.023489494656824806
-0.0372038528082307,0.6510004788284949,0.137453782056063,-0.35125718642770165,0.06653139090799069,-0.012037603153978376
-0.30782768660741927,0.9699373436287522,-0.8229015013557539,0.24350236801907657,-0.1668145263973738,-0.14585297946082393
-0.4452193099537486,0.12465182461883237,-0.005416938436735047,-0.021864530627729473,-0.21954550436396,0.0415694364818085
-0.3204434894037501,-0.4532809573560306,0.048211047618181437,0.07821705678164126,0.035138865067084184,0.1264277860005115
-0.41275677372342057,-0.0538503016816691,-0.5782599805935393,-0.22660011368488042,0.009582684157101876,0.04029325600859411
0.2544755422693528,0.21602764910678385,-0.14876805481382152,0.5583289302577759,-0.026548536117165233,0.15627517212597403
-0.3927116428987033,0.2947884250486249,-0.3418617626569813,-0.11561420661532185,0.332602383418633,0.09681560457771168
-0.23523421319318188,0.5456098268221194,-0.23312057258276708,-0.20401523075770128,0.3664642091733663,-0.19887885853332787
-0.36896454016815305,-0.3044553861246467,0.2842464466285871,0.17096031666949452,-0.26420767376038556,0.06445949115187682
0.22223267398675517,0.564751066721078,-0.4430786307678955,-0.2034890945159404,0.3783006682305235,-0.05536311627797675
-0.5400383627404113,0.5022952051894045,-0.26211625694044116,0.4916422360805965,-0.08387699692698634,0.019011092398436923
-0.0980395067593932,0.5823479820279946,-0.15369187712707866,0.5616787279689458,-0.00025103000125694796,-0.22764310634115653
-0.1572548516364778,0.4414315016607152,-0.16608766150569357,0.5228328370743401,-0.13234520359634552,-0.21273297526551563
0.6317369258535659,0.6753252458263108,-0.05049312902627169,-0.25854833722640913,-0.006067330553180129,-0.22914378444816344
0.9190314036076839,0.23591651327676186,0.146324313195337,-0.04989752215049542,0.007838235430242495,-0.2736846409080953
-0.008890876610911303,-0.002187314954948033,-0.5051987970526386,-0.2593714682603556,0.03240613632953237,0.12565071941565173
-0.4612788634097463,-0.21105706747833253,0.02335327364644993,0.14111821627918725,-0.35292786130048376,-0.10349930954145693
-0.7764227573401374,-0.7418752397166966,-0.2239804617956618,-0.15732383435597633,0.01446271751387403,-0.2795155258549295
0.058425564160692334,-0.49416389389168147,0.0264047714476931,0.04641062815645888,0.20595452053681756,0.13681334886701768
-0.40824808881916086,-0.44521868516448526,0.5765947995839131,0.5481527943971582,0.10502025208223086,0.1959560698072611
-0.6523106992207512,-0.5164208336764392,-0.541280196296398,0.2846189325023518,-0.11725582807073198,-0.2614403885319314
-0.5998866274229834,0.3720521615975877,-0.09524379193019963,0.10377121842326686,-0.15888560082960174,-0.388872463803705
-0.3814540139633945,0.15086985600433825,-0.07364525643239901,-0.08807029643085657,-0.18527328860177456,-0.14584089019995586
-1.118059198846585,-0.2775212165372777,-0.15668984777249093,0.34554288429056607,0.1114895053748092,-0.4776770970905121
-0.04323487390554929,0.5197281753518925,-0.05758954013867455,-0.40271836764882873,-0.041445383159349876,0.1641749829211194
-0.6189782510311927,-0.4011746833546087,-0.25246859330681837,0.11424405873568153,0.14834999385444786,0.0002167090788552474
-0.3472682341378376,0.7536457360571074,0.20197926828432736,0.57688958533859,0.47156501168621423,0.48988516089613626
0.13985024074882496,0.03894381389430354,-0.19548253146167593,-0.005813278663323727,-0.3442383306442941,-0.19332681285426553
0.6059090882281757,0.15015432304611942,0.03938401841146416,-0.30734897086557716,-0.15698670694857927,0.1765563509301088
0.09059780971115758,-0.3772992200137628,-0.029600039214429635,-0.017997182142949875,0.2205530789356749,0.17593432150205193
0.25703619410047734,0.21562163750652147,0.3561282554059328,-0.1232079663805574,0.09329248661415468,-0.11103054465740844
-0.32769920553908605,-0.5153300021728088,-0.14351800627898662,0.3915632623937713,0.19220915965610072,-0.269530620904338
-0.0026041282072709927,-0.15763027587666908,-0.493381560495762,-0.05824861199256116,0.14319962612012657,-0.04981714353419751
0.6259722341802403,0.17752832114813522,0.2560246805069628,-0.12879598587573735,0.06798253820982912,-0.06299448052974815
0.636383010912578,0.20040800605970235,0.24679039201156594,-0.13888918543883486,0.07210939184333388,-0.06486786425827085
0.34888908174768674,-0.28763393068895216,0.07073303789722551,0.11610327721107759,-0.11131365952846829,0.06222893340590387
1.1681366321967421,-0.34623482004424105,-0.20982784224126494,-0.15830967320122433,0.1089471289566701,0.09704996676269072
1.153068937093312,-0.5836361990699017,0.07927072578117489,0.05793366736123228,0.24453112398745477,0.042602191447089766
1.134589524266926,-0.5738542607130254,0.08179008484512154,0.06010102425990292,0.24990538066857287,0.05533290588741105
-0.6515568719478795,-0.03673565702221168,0.4936344954061602,-0.23563496084125896,0.047730992610776006,-0.6199786120085744
-0.4264701547983323,-0.18665669593261786,0.43844843959595303,0.08327037793739223,-0.07357713403885235,0.21603525954172134
-0.6074993148570493,-0.016521012650646254,-0.034669613223611964,0.2371397302183822,-0.07836448855850504,-0.168594029041552
-0.39302404744851005,0.8495863682939129,-0.4439617056291646,0.5364832634548669,0.06869101405089555,-0.03136912535722174
-0.3713808403875777,0.14028950844620444,-1.2074537186673038,-0.336683145046022,-0.14577267434825825,-0.15849920305685297
-0.1874899082728646,0.14012923655151086,-0.377539520581222,-0.007054009112630277,0.3080792786206085,-0.0317397406372482
-0.3313488210425529,0.7046201800987968,-0.15946853527473737,0.5023942965880608,0.09972194545279368,-0.013614811970992551
-0.6299712091019289,-0.19476113531758957,0.6452131995907189,0.3975941443510133,0.2294366007891887,0.19583389478619126
-0.11122988739961276,0.3961288887202228,0.47619737230625425,-0.09371504989010095,0.17997274040310424,-0.2884272637189501
-0.12654380389145775,0.5181390795412132,-0.27308766556206815,-0.38507514303999957,-0.17874572580714979,0.09654426111577419
-0.2585324019838113,0.136641280647624,-0.4898241677897835,-0.16940909904496612,0.2116164523449276,-0.12281045332883814
-0.27776456110009107,-0.18488611524461981,0.5726884945786107,-0.37159028632663677,0.06321896717180561,-0.08463494010503184
-0.3077712064418342,-0.6435646512121957,0.17007640735037863,-0.31116691678579017,0.22725838050015382,0.09374965540590775
0.32802711941832857,0.21105424440521908,0.09799651927277042,-0.2005819439458459,-0.07145759473658198,0.16460931541659088
0.04209896756400586,0.0314672212050329,0.15096326493087386,0.25640883810024273,-0.0643503111925182,-0.37803791364621836
0.03097419830933737,0.6672933353708697,-0.15829792745401508,0.595190334077706,0.11229089876692946,-0.19696872841941052
0.8182758968236739,-0.26540490330623984,-0.5051777961329437,-0.21560904441167544,-0.06592695703360206,-0.0776994844658312
0.0375185541235645,-0.5483706870559895,0.040226614537782174,-0.5347652655616312,0.5557607191491166,-0.0895491676491774
-0.03888645119372781,0.6751077960668983,-0.822514900288962,0.6082670615756065,-0.2026597346914585,-0.7086514313924539
0.6428004930058233,-0.0021286224259578768,0.07483350228827695,-0.054431530700885425,-0.0815145416866151,0.027597379535429074
0.4029314101238357,-0.10464279989887532,0.04190154631180186,-0.008063709827041785,-0.12224886554106146,-0.09020817222467155
0.4931563188102046,-0.013713848425623551,0.37369795069813805,0.09597239218546978,0.10511059642274549,-0.09564803353679145
0.6889516490015783,-0.7175243107545077,-0.0433085020719102,0.13412209838319425,0.15140073771842355,0.05742428002116322
0.6964658003479138,-0.45572325461939256,0.13370956876865248,-0.23221991119950852,-0.14205204486427353,-0.23101096767081858
0.6827331858624135,-0.3912709325236587,0.31026285052811725,0.26369865326118574,-0.05859203871462892,-0.01603064140091172
1.2672565559275106,-0.30065785539170126,0.12022710211178816,0.12308897692269505,-0.15065826844763675,-0.03545020005150719
1.2772110110201726,-0.2898008921870702,0.11429731300464165,0.11701241369065689,-0.14861900498727973,-0.03392044525417542
1.151981916822986,-0.04397872506085134,0.17670604018668207,-0.08754642867216965,0.013638264610778708,-0.05026332977193695
0.351140752677721,-0.8740242479229479,-0.5731933171822606,-0.2752459875422205,0.28672138502745803,-0.24149715783634196
-0.45808066537445824,0.7986134149538259,-0.42827028870990863,0.605274672769962,0.12666210877419792,-0.13946300921480054
-0.24964239596613855,0.20366179433351556,-0.9324816234985327,-0.38354081299355913,-0.0016235580499698212,-0.0482659544726938
-0.15657670122400713,0.23229433980364847,-0.6401639043603975,-0.4101987237711928,0.1384384509621214,0.07093574121106723
-0.6443145822523009,-0.274028786063823,-0.2120592542801361,-0.5043691165779284,0.07498152951250617,-0.07302353851588843
0.14102757320967219,0.14400344727637548,0.4274281195902302,0.057404642509828484,0.1569417174623429,-0.11856472073338069
0.13287966382423996,-0.14818542246196514,0.2646280059466986,-0.3538178143888445,-0.04378207556867634,-0.3158985285883989
-0.20832623397244032,-0.3259436241009675,-0.00398346903772149,-0.4392611128990494,0.21427791489796374,-0.14863934843956791
-0.19292211066329384,-0.20506507575999572,0.23859419782863275,-0.3926965426679422,-0.13062864020315162,-0.12438062695828662
0.5333035864500071,-0.2106472337882201,0.17842238929279824,0.20154921208107357,-0.1985625524507427,-0.08236924041580308
0.5523719752208065,1.210747738328537,0.021251887517645153,0.4888493560353759,0.6027135262132228,-0.05428888235494857
0.6528070959379197,0.1499148871194377,-0.029291812314072782,-0.09740495505514188,-0.10547183471220332,-0.15669412988347314
1.5908134880709643,0.1761012511036621,-0.10761514026286978,0.5114413671874884,-0.07640749639090628,-0.1425676505099301
-0.37127570084850925,0.02951737766013247,-0.53898884902686,0.05617531773634374,0.1909265234083753,-0.028565065425196875
-0.26298871833964665,0.4742234462117948,-0.24178254132900562,-0.16386448334026885,-0.009822766663807509,0.17201664027201952
0.1980399884418203,0.10347999003771646,-0.40546721093894345,-0.060540683402807285,0.2537756816032132,-0.1231277031105992
0.9574620673977595,0.7875810599258323,-0.186055442192805,0.39438877686828566,0.08778336899613923,-0.06136306093346125
0.6657667647019067,-0.10897046483094597,-0.10847937501435703,-0.2595796319456412,0.3186273576065219,0.18413939848387895
0.8191538649700915,-0.4083898240357726,-0.24188347148920863,-0.06521355483119608,0.13612613958800307,0.027082931922416523
-0.5889962686131072,-0.07085350772756654,0.08777227705976667,-0.01216264906691577,-0.290319077462572,0.10459285331184658
-0.7292800551770469,-0.3095904823379078,-0.20488736477185635,-0.42801786237634354,0.1030733337714431,-0.18934922188305098
-0.06734117267862796,0.010387830746859691,0.1883087271884217,-0.0668485764331556,-0.15432822460006934,0.12070645136442493
-0.553910910991344,-0.1116368718411207,0.21002714944960826,0.1032458589736191,-0.14210798460396126,0.10873229785863224
-0.43262403032194235,0.1292093728970588,-0.1750229585913614,-0.15801364719402133,-0.3257538595898437,0.08889684147100424
-0.3198433148991456,0.3089236221008562,0.24692102131312765,-0.12814174202689677,-0.06637786342433602,-0.08661578099610948
-0.44619796265278616,0.1617071644908233,0.3055280035865636,0.03975927366606434,-0.03454409142570762,-0.01884685207336186
-0.2731690228678717,0.33005131802649407,0.08992409467065621,-0.2745819622900758,-0.11623135414873602,0.21058199089534557
-0.39651789911411606,0.09582323553648889,0.21970088945534605,-0.12870630747441608,-0.13817209203618058,0.1627245145689511
-0.43919863714706403,0.10274561364091647,-0.011583931552503687,-0.12671811495019164,-0.2809407602114611,0.0780178320935286
-0.44883550232910896,0.07276403979754086,-0.008235946492259227,-0.11996279991981668,-0.2884680286325528,0.09486109077361468
-0.4472875415060816,0.1268479553399231,0.07677458281166874,-0.04745282737956258,-0.08780573375062282,0.17587081472553395
-0.5000670853538209,0.07166235457731573,0.11397494638821344,-0.005472851253192335,-0.08853261189256262,0.17715739256885898
-0.6480964094027701,0.03751778960304124,0.30481455481859526,0.2796766954815413,0.030153226287202666,-0.09144958040309319
-0.6698660015359845,-0.07432163686558813,0.32498845761593076,0.31400004784569735,0.005626235995125504,-0.06522016867030352
-0.6326688576747396,-0.11147825118483803,0.24245964933211808,0.2300526067186409,-0.04121247402897437,0.10948339335748267
-0.37537130615834,0.02901720101321506,0.30644723217327496,-0.45045194594734894,-0.09889226863500636,-0.0881513905799602
-0.3392312030462924,0.1533012208615281,0.38994372094505425,-0.07238810829975975,0.006697947676121859,-0.005010575894685434
-0.4541039337724474,0.09398837332421263,0.464671562854442,0.11147507884074506,0.07553475829174572,-0.037889664339007346
-0.16591066568014146,0.6549423014059648,0.39552198508591374,-0.009071290311163344,0.216073338762955,-0.4792170390149404
-0.5937139156865472,-0.03562661522673554,0.5509836952570579,0.2979149108831748,0.123416468955466,-0.018464306867679792
-0.2854684435323411,0.47674339729147563,0.4786650979198628,0.07693671896954168,0.18962419599508665,-0.43929816447424125
-0.5286206935650715,-0.0747284282083885,0.44759778427624597,0.10386020392517317,0.01821153814093506,0.1796148178255299
-0.17769853033324534,0.35008823153310076,0.2950779979126744,-0.1814603784624327,0.027166756250287763,-0.06896396979567093
-0.24684851196652194,0.3578956945136918,0.32163829811602734,-0.15671863401860225,0.0426123212759587,-0.050522970707107186
-0.21406219811504218,0.4589476898239055,0.31684822914787303,-0.06343840693002462,0.12654294130217952,-0.15029275971808204
-0.39046231005398024,0.24262590825141983,0.39467856739644047,0.11690445807014943,0.14024427462038386,-0.023285915471910973
-0.5178185889479203,-0.025732792422183782,0.47826507519525036,0.12649341296395705,0.043370884552756735,0.07367847784295753
-0.5892689923691614,0.008052656787283077,0.5253397874823733,0.2645386086766594,0.12558640065863183,0.021297164759806957
-0.16233063187828212,0.533201953251334,0.2855753742967336,-0.1100187144234738,0.13316190229148714,-0.16326923156209147
-0.35824042821893903,0.3824731678011248,0.5551659197044418,0.16046723458603812,0.19158543320092666,-0.4893286852992144
-0.16510339957769885,0.46265471832486305,-0.10325586626283603,-0.3442546793094282,-0.1409094567440279,0.1208309290486558
-0.3770238695289214,0.17625898070038554,0.11503071815473517,-0.11379633622589663,-0.14712846648122058,-0.00011492396179700643
-0.23235694498313486,0.2771919996735442,-0.03552257262527408,-0.2648155413181822,-0.17512746446348446,0.12914399895131765
-0.3774245902788055,0.17516286697198563,0.11462692830546753,-0.11419827012910183,-0.14764452704442074,0.0019489768172475561
-0.4141696034541894,0.12259195282595911,0.17105290461775946,-0.05502427163894644,-0.14185110920374597,-0.06210685997256946
-0.3819282199098586,0.08674495455978244,0.07428103319260002,-0.0497118403231378,-0.1402992768066809,0.1299430228258594
-0.22417051770159122,0.3744575626786474,0.06132751296174337,-0.1855183414379351,-0.11098892889751066,-0.14848956562246285
-0.5234535704080485,-0.12585700479623843,0.612410247618802,-0.14219032527688275,0.09220299624196016,-0.24598186530377708
-0.4563682747634349,-0.16661182652965895,0.5057607009520709,-0.24362399280209976,0.03553007761383869,-0.055482291857402014
-0.5115355897674612,-0.14743467725660264,0.541673622649445,-0.20890072516620284,0.058424453638709094,-0.08301817530290172
-0.028672866022266024,-0.14881466639177326,0.21425964475221174,0.044332682906493864,-0.1958271021494847,0.16201234224324265
0.04671591224753311,0.1135334202042766,0.10776661147822454,-0.1548171846220917,-0.15654534545383797,0.12499517320000068
0.012413831350642134,0.09200359459965371,0.13754037521176288,-0.12383499665968745,-0.1509238116580313,0.10611795523745397
-0.1207642272271593,-0.08144765457967772,-0.011638849127957429,-0.025113321408247943,-0.31636779898669143,0.01935058865837802
-0.10292905312669878,-0.0022193040246833544,0.05910486994032542,0.031909783790219706,-0.11344501277896595,0.10272059626026803
0.1896183503547927,0.23130612075739485,0.18559456546269584,-0.1880251136700839,-0.02783752124878295,0.03870427589448786
0.07458135533466272,0.1424712603932874,0.28242925821405485,-0.08950121350294825,-0.017177560409349504,-0.006233787317983893
0.1453258034010592,0.1429484400494102,0.17454347577612495,-0.19123646046394494,-0.05854929115600322,0.15965852037866154
-0.06095736497553171,-0.07597643853627978,0.45789114258357333,0.09795095034114351,-0.01613957382457811,-0.15333760325818901
-0.17157419562821816,-0.2135823971518585,0.422333010326148,0.1765322229149246,-0.014354051691122832,0.11287710324820044
-0.010742335666121997,-0.05066037790032919,0.3202421724664924,-0.03306813641723337,-0.05986158790274043,0.09483940948044804
0.14000613546547702,0.2155739789867684,0.29455803583052637,-0.08487890056786668,0.007426769187276222,-0.1481651559426281
0.01282762270945801,0.08162668185431327,0.379710692887518,0.007273058952458066,0.000928017420914295,-0.13028018941324992
-0.008025884206741177,-0.02118729669076208,0.3018143787887455,0.03960365311996105,-0.008232917336650084,0.11030933542505539
-0.055312104252088296,0.033102368156942785,0.31965037040610633,0.052980909868488656,0.018412109999695673,0.10065181899244328
-0.03990029776590117,-0.08422548475511155,0.3510825215098601,-0.0008806488343188444,-0.05785887787303015,0.07388960997546883
-0.07439420330290353,-0.089155818256763,0.09562414060665637,-0.020819031427582776,-0.21363795867973961,0.041193850231995364
0.09365647447907749,0.11982474120952098,-0.04014275475282968,-0.16959363346808856,-0.20386278842976766,0.059630453247249894
-0.11282093628057403,-0.3571987596782571,0.503510892653849,-0.23685069946461226,-0.05324885949374651,-0.12578797585106757
0.08831197140011694,-0.06972503837049446,0.3565124981056384,-0.40729695704973073,-0.02752593099519156,-0.155179465889989
0.013456014860736883,-0.06851192732853488,0.45440514469024335,-0.3110000062425797,0.013040847776540557,-0.29730177854901924
0.3794954576312863,-0.012129774725878771,0.08929080967854641,-0.07571829092669814,-0.18049646157640817,0.06450881946295063
0.6071919352737658,0.23779689558419176,0.050603997654270906,-0.23137785966472785,-0.05224691019634265,0.09072926540905905
0.4771622531354067,0.011877135211902035,0.1809862634155761,-0.0875295861269215,-0.0752176121033798,0.04366392777340552
-0.503040913201817,0.0733619162516781,0.37859210610897825,0.021264381344804482,-0.08307704458502199,-0.06561188271073926
-0.5463758484239543,0.10968468888867783,0.35259307831681563,0.0915255396555823,-0.0277382788523095,0.015526454486874468
-0.5157109262799168,-0.0814608828088556,-0.6715748310851671,-0.21173313117202838,-0.09556577722783319,0.06882821278235557
-0.22098642581751254,0.5034419482988055,0.2599813885534211,-0.13057684657015864,0.11730967044328455,-0.019392107625275604
-0.45178976614355837,0.023459262506781858,0.40885888331059983,0.05431523735768287,0.0291976604153242,0.13407885321778076
-0.27048273463518857,0.2775015100448349,0.2957655998305397,-0.07745497188586328,0.05891601619117549,0.06110769193304534
-0.3838082222004444,-0.040457157561748655,0.5021706915725486,-0.35209093129042524,0.020537871445824994,-0.1832470563305085
-0.5090123253531598,-0.29095339361756356,0.6102297371136776,-0.224542318486105,-0.010895001713889914,-0.1687097098664915
-0.2926497752519227,0.009377344938778481,0.45396037427128005,-0.40368498049337703,0.013703109357085038,-0.20380656045217693
0.2736384077762054,-0.13273496131015583,0.1702458728729505,0.0132885228126936,-0.18464167158887157,0.05789268701844273
-0.4380475086389962,0.10502335407849493,0.21684603546821313,-0.13153957877137654,-0.13388052436587355,0.21541659909323058
-0.5774170711816033,-0.03284559165521127,0.09708937677374987,-0.008929014811746142,-0.27639730260420187,0.053130035323771044
-0.5248494125605718,0.046254148114927354,0.029234992870964094,-0.08210855848445667,-0.2794262357176837,0.11268048229978526
-0.43934230314626366,0.13660785687468568,0.018731072991822834,-0.10221918761844473,-0.25969034860999335,-0.007239786651831938
-0.4191766789910921,0.19515475177672792,-0.06505555785456982,-0.18496141287028992,-0.2712915497071024,0.13568327295835583
-0.42297987570045864,0.17778607408200267,-0.062377079116166974,-0.18122291456928805,-0.2758361623196935,0.14239576517224684
-0.3823729470037665,0.24930128009676605,-0.09286521539338127,-0.2186602335727555,-0.26645984448920623,0.133671380098513
-0.3537107327371496,0.34181449189500995,-0.1510180107217174,-0.28060141135570865,-0.25796337489433013,0.19128814023607443
-0.3411118895591123,0.09648488670072604,0.3044819220731404,-0.14492853631838354,-0.040863098237536505,0.22037182835194757
-0.4336695516347754,0.034040708176331945,0.11256135283698343,-0.09909389103524482,-0.18878145256581055,0.13630957478630043
-0.4906866448161725,-0.07479594995057388,0.16925338392907385,-0.032485671413767465,-0.19845865015220315,0.12078102951346288
-0.1610236744882053,0.4696592959477162,-0.05170705194816758,-0.2997323724189777,-0.12210470414134825,-0.004530064165420775
-0.2834904843515773,0.19343003245351453,0.02120623908903394,-0.20294625843565045,-0.17937898657538967,0.09611112850958244
-0.1821948563798676,0.4429833007928588,0.021750420505405668,-0.22933161458585077,-0.10464109258090934,-0.1375807380455991
-0.22788482793089934,0.41272986241685405,0.0029950807531431284,-0.1500399527432253,-0.06972613339355886,-0.0366766641594633
-0.07916469367941997,0.03930318525939241,-0.09961314385015707,-0.11893021745656654,-0.31107706306339766,0.11952057718801257
-0.04319982250128126,0.12874022277937297,-0.13336074413641003,-0.15941991596141528,-0.2960996433713822,0.11455386628766034
0.0458285511525257,0.019868337278081204,0.26381487585519275,-0.09299591305906191,-0.06059927446412284,0.12548695598512055
0.2987087350615586,0.4688127858461124,0.08893455191607205,-0.2996211414938411,0.012426485825102584,0.025465477900742366
-0.1159427621017895,-0.16227628660151586,0.13085204559659278,0.021522401307086523,-0.22106437235863452,0.04084974976959185
0.09099305828303161,0.11374367337957171,-0.03590350758239085,-0.16467596894559705,-0.2040927458930413,0.05530490487603072
0.11452170610209775,0.18301959439082044,-0.053865218928854174,-0.18960983566589606,-0.18958887810678496,0.039212197135728884
-0.7497857300151364,-0.17866935769946635,0.19484267818069775,0.20632969916469798,-0.22182556257626102,0.07634502532951629
-0.5603430009850308,0.10141471514450474,-0.16255774092004227,0.026012326159874546,-0.24265957992486684,-0.03536899775842244
-0.7449744525420325,-0.2898434679368959,-0.6533948827766825,0.06394895504102385,-0.09123751197015391,-0.03893285205593046
-0.5212744517901142,-0.07522918438512775,-0.8060587585065071,-0.10589575816906054,-0.09164251159534312,-0.048642053029339924
-0.230996050196562,-0.15197527153818013,0.31505693112482297,0.17682103406419136,-0.09652561153565026,0.07198075979015374
-0.061184675676404454,0.03385966754742629,-0.07902261917462855,-0.10017220837933609,-0.3068981526799719,0.052672451863277535
-0.43165436062170437,-0.5332367703416199,-0.13786536311535427,0.2496628053208928,0.0735537873848488,-0.004685057661783646
-0.2997035284353273,-0.3945087853733366,-0.3884435349495382,0.10914430877038828,0.0530648214304878,0.014424180987057807
-0.10488136092591922,-0.14206315885806403,0.1332867601156914,0.020329619223703674,-0.21498691481147544,0.013890464560178438
-0.12492482214984665,-0.18497137654084003,0.14107919427804616,0.033546845936881134,-0.22394017706466873,0.03805838976629859
-0.10168648194233999,-0.15323037745523962,0.12011089610765163,0.008852678637145544,-0.22341149580329245,0.04603991097562941
-0.18725629997769513,-0.04912279734972581,0.05630045308740851,0.10978271884629101,-0.12746225089303898,-0.012333902192218098
-0.5264218825594102,-0.08694681893980885,0.455926638999873,0.11505138834516498,0.018054466906617783,0.16071465800353515
-0.3433962064282774,0.09429601564742221,0.310255692720945,-0.13841243669676873,-0.03907239259526596,0.2097659358994981
-0.4313421670640245,-0.05797342908825853,0.39138016567672707,-0.045083289616270464,-0.0520851695329703,0.19550948574754318
-0.3937896280427621,0.05816472071280976,0.4361746924118227,-0.015136998748998511,-0.0020858363767271553,-0.007531876460822148
-0.3593641791466877,0.13022582415485362,0.4037207288881418,-0.05288822696638217,0.006952566523696717,-0.006507984217905927
-0.2855413129622951,0.2399591376978382,0.3149286091728653,-0.14696277686353107,0.006157906515361584,0.06077151860872291
-0.13571223820661457,0.4254426001071455,0.2669618087315563,-0.21498514713521383,0.03963538269446157,-0.08827159186990305
-0.4211596110615934,0.051714919699652036,0.11022914527767788,-0.10312150079360717,-0.18476778744651878,0.1184720228911937
-0.48656781315609254,-0.07257239079179066,0.1673856496957085,-0.03495311200546357,-0.19882709435744494,0.11957689818971097
-0.4127885053238048,-0.1406300102398505,0.5086705383985679,-0.3347682095611278,-0.006433682576902916,-0.11879918901326815
-0.05155816269505398,-0.13334248686661446,0.33862467046789774,-0.006026012962004069,-0.0764428134426998,0.13782690163796193
0.37378551218331346,-0.12361701864754891,0.2522341421208125,-0.007490725132129044,-0.08830079638313836,0.06453811419420383
-0.6154625888523306,-0.04489755979762253,0.28534966755056423,0.1684682844615102,-0.056288203512342656,-0.029160555846121934
-0.40691935439545945,0.22647332393823627,0.10967894343195939,-0.026109350183125987,-0.046608111292960594,0.004344749545493539
-0.3872654828387704,0.06061295405830744,0.4486256033482392,-0.006604158543743795,0.0017956588843802172,-0.042704116951068016
-0.17343571470701974,0.3546792061662569,0.27155977329747316,-0.2034182479119761,0.020336314341331332,-0.02180413013251932
-0.12601346773586994,0.3180642696961251,0.3080049676405562,-0.5680364297727238,0.05405373975869872,-0.2069583915590374
-0.43544133913529093,-0.15126348920482494,0.5274509819665153,-0.3183767434516401,-0.0025324345495240986,-0.12743838693527026
-0.21197559625700058,0.17207057983576687,0.355121221410016,-0.513526996835739,0.025976233698970917,-0.14330909119010574
-0.5798399609868845,-0.11201545528673046,0.01692493943738855,0.12014324619738824,-0.17395405882934362,-0.009473459643228653
-0.17286317033432036,0.3255524724391618,0.07884721085292157,-0.5601124975407702,-0.08528806927147489,-0.29498534147878847
-0.2191261047684309,0.23317900928011598,0.1177370366600563,-0.5165048070414489,-0.10036673119752512,-0.2868776732689359
-0.412314271402482,-0.021094965290557932,0.2913430884665947,-0.32770812692424395,-0.11021898919305573,-0.34356907529660813
-0.40091373721259926,0.0009290180476947962,0.2743113766416516,-0.34696517142502853,-0.11035214231423918,-0.3265071495230349
0.24628715439979304,0.406964740095748,0.18004087309010885,-0.21010322549831753,0.024957778623959922,-0.09519012139744105
0.18504944824728994,0.11348982283356822,0.24357969468536428,-0.5295732699463802,-0.012191848538317278,-0.09209265081433911
0.5649653153063338,0.18064739983466854,0.07652410139948965,-0.20124158861955285,-0.06023085324119365,0.10631170768631545
-0.49386586757873496,0.11004766869451528,0.22901009536960526,-0.026365764980860365,-0.07543846941519614,0.24111602332340878
-0.262552764943202,0.4146099090835308,0.05887511599859888,-0.3104382597469652,-0.09983315778290026,0.2307265117540341
-0.3730771130814695,0.19690660686174746,0.1588942821166488,-0.19563757185684638,-0.1290738553274002,0.2301985463391873
-0.31753829289551394,0.3878112098696439,0.20847561513165486,-0.16883465395585204,-0.05375774634689291,-0.038111830455348314
-0.36590804424014467,0.14852479901522178,0.25707174150052653,-0.5059183673904503,-0.07800013400795827,-0.040794009488084065
0.1139749625885106,0.30478400349904594,0.017584418645458136,-0.2568371902582911,-0.12893529625547867,0.16773333960236805
0.023623564117691773,0.19157008420869945,0.09139674557402554,-0.17508107780281207,-0.13513077776207869,0.1542346043328251
0.44551316996020207,0.1706776003220378,-0.021888990751581884,-0.19573216241624108,-0.1619623605421112,0.16197797942309602
-0.7885367093541429,-0.43881288218113057,-0.07194683125563799,0.21589928976880352,0.10628336590165977,-0.008287852274847185
-0.7013633924509188,-0.3881599881897022,-0.34499487864593026,0.12862410906647814,0.05614808373690638,-0.019787393785740785
0.11752661814047631,0.17048593184484803,-0.06633225270339761,-0.198444928834642,-0.1975260338633025,0.06861894865726934
0.12647251587503355,0.25101207366785316,-0.022103182238140076,-0.1635869786347685,-0.15604471783698112,-0.08279581188373236
0.5721339564317603,0.18929557312361717,0.07537842464210816,-0.2035842574586457,-0.058268658101581404,0.09683484996802258
0.648874252922279,0.4359116556062043,0.14694798042821064,-0.1571142262309141,0.045651944592629175,-0.2759265969511201
-0.3153219775556976,0.23371284244205334,-0.8607663294242675,-0.41899348738537107,-0.06823043599780128,0.125555680222516
0.5272358605970161,0.18197744784893283,0.10615485348077403,-0.17162917860870663,-0.04720201113397445,0.08061727999297691
-0.42986737169465733,-0.20877748016765227,-0.304248616133067,0.037079479716567894,0.1140235437621637,0.11107142127026241
-0.39939297585385813,-0.044834346263637345,-0.41830425896347445,-0.08541888385867061,0.12377271964536225,0.2650811616671098
-0.2640092514622171,0.14819273164764252,-0.5382410498795682,-0.2174496018848491,0.1368598055461965,0.29395023773609386
-0.6166004587430248,-0.5389213330542362,-0.1642996391553829,0.20769905419882,0.07518044179287688,0.15855989153829914
-0.5043971221047251,-0.23434081897815734,-0.31314515967306567,0.033864753906002534,0.10771552841949217,0.23235808951099268
-0.738730315601311,-0.6096913148423995,-0.1486330506910162,0.3082296260453446,0.0651116014686107,0.05636333109258476
-0.5670677903337368,0.1129041692070766,0.3286424335370387,0.17662628818517054,0.020250387847165693,0.06882055382113565
-0.41333385184442084,0.009041036385258239,0.28023381886952103,-0.05247603907417006,-0.13908576195731856,0.06973793286068072
-0.20220168470364872,1.009021066796415,0.058392379160428526,0.3331068585209709,0.32958346432735486,0.20840962334689123
-0.5863095942605185,-0.47549097406036456,0.11554205544963561,0.2418800672910749,0.22340507270633359,0.1227801941673173
-0.3738444728545566,0.7022661564800575,0.009167944718569854,0.4461159508997594,0.10758000612197119,0.00396107819737594
-0.2888846589974426,1.019369114968192,-0.09939403409393366,0.3102946304043934,0.16758305162784837,0.016291136482283544
-0.5519430476109923,-0.18930673957176397,0.42246896634636777,-0.3154308870459918,-0.11468128597680499,-0.047704956633145876
-0.5576924626847476,0.10480018837276724,-0.16545226120318346,0.02275544301975998,-0.24283696887511205,-0.03318231559658359
-0.17078229258733785,0.4990174605036897,0.23941998113611573,-0.14640075353078633,0.10754249442720672,-0.03354131367660931
-0.03099973866047804,0.6351510885995869,0.1152962791347323,-0.3755225956053647,0.051438957513586125,0.044145312847306
-0.1353318068551766,0.37590022033261217,0.15768627812657454,-0.3123592300694641,-0.01459064397961072,0.18838829947672353
-0.3243182109278644,0.06837230219273371,0.3746118803137512,-0.3923599023388611,0.05431401183296712,-0.01544904824786639
-0.061371350715087876,0.4161705839405187,0.21103317209587252,-0.6707439909840524,0.04866955264604014,-0.09991487035714004
-0.17578427404558591,-0.5663468829706804,-0.2681316964670316,0.09413919217528505,-0.05080978677936573,0.10242546960023602
0.12340896012694846,-0.04352741702231827,-0.4412932887333548,-0.23988368168864782,0.042474835218942186,0.2950927893509964
0.13510722708921813,0.17995290866319713,0.11469817183376808,-0.1384726898554186,-0.13109664100068175,-0.04617675427346073
-0.020075680892372993,0.0478775504997017,-0.47198683817490555,-0.12518931588731574,0.11485411380324967,0.013007389253504661
0.010591065628566673,-0.36789105370859143,-0.14047878158656882,-0.024195116516570993,0.11944140038705936,0.2017338452400547
-0.062134959032173406,-0.5281875608956483,-0.053727680848978984,0.07444982402536122,0.10499895346330285,0.1595443522728989
-0.014839316616093239,-0.4010840857383199,-0.11628502355430367,0.0019527763652067084,0.11909757885017686,0.1913431321795558
-0.02635603011130304,-0.4949861455199547,-0.08061627535018803,0.04515995824314477,0.10336502174974783,0.16380408160981275
0.24912143829273126,0.8215136839699811,-0.25739053738516793,0.17550196580537913,0.016974914478638574,0.07722978859488176
0.14467741615118218,0.7927666558872943,-0.19422052335105017,0.23635842933557286,0.032653440387028845,0.06938832858681943
0.6669137125222147,0.37468808422757266,-0.017080830884209766,-0.3020810498577864,-0.029839201566878984,0.1115932405151085
